"","0","1","2","3","4","5","6","7","8","9","10","11","12","13","14","15","16","17","18","19","20","21","22","23","24","25","26","27","28"
"CD4",1.0047,1.4474,0.0126,0.0371,0.0138,1.2622,0.0161,0.0112,0.0158,0.1454,0.503,0.9613,0.0983,0.0542,0.015,0.4303,0.0305,0.6844,0.5499,0.431,0.0144,0.1217,0.3506,1.561,0.0458,0.056,0.0522,0.0148,0.4044
"IKZF2",1.8105,4.8192,8.9609,10.5234,5.0788,1.6077,5.2053,17.605,7.2254,1.1649,6.6798,15.9079,0.1563,28.2963,26.7077,4.3805,0.197,7.7723,5.6754,2.2774,11.2367,5.7744,3.9538,6.8205,8.626,2.2084,2.9279,2.4036,3.3442
"TNFRSF9",0.0034,0.0024,0.0031,0.0042,0.2345,0.004,0.0053,0.0104,0.1941,0.038,0.0375,0.0357,0.0613,0.1801,0.1792,0.0282,0.1453,0.0042,0.0715,0.1373,0.3695,0.2241,0.0913,0.1666,0.1089,0.8595,0.505,0.02,0.1002
"FOXP3",0.0052,0.009,0.002,0.0058,0.0027,0.0438,0.0028,0.0044,0.0058,0.0057,0.0891,3.5796,0.0046,0.0114,0.0053,0.0303,0.0029,0.0372,0.0922,0.0096,0.0044,0.0028,0.0332,0.0134,0.0104,0.0071,0.0105,0.0417,0.0108
"PRDM1",0.0163,0.0106,0.0167,0.0104,0.7939,0.1007,0.0302,0.0142,0.042,0.8439,0.0442,0.1493,1.5393,0.0164,0.6992,0.2355,0.8246,0.0125,0.3453,0.117,0.0526,0.4474,0.5748,0.3533,0.3466,0.7473,0.8695,0.0222,2.8863
"FCGR2B",9e-04,6e-04,0.074,3e-04,0.0129,9e-04,0.182,0.0816,0.0351,0.006,0.0439,9e-04,0.0065,4e-04,0.0128,0.0084,0.0014,2e-04,0.002,0.0028,0.0038,0.0019,0.0232,0.0052,0.0554,0.0039,0.0216,0.0719,0.0306
"TBX21",0.0056,0.0039,0.0367,0.0069,0.8728,0.0362,0.0965,0.0823,0.2663,0.9735,0.0778,0.0135,0.0077,0.1187,1.0532,0.0541,0.0165,0.008,0.4427,0.0401,0.4371,0.4445,0.0791,0.0616,0.4932,0.0491,1.3787,0.0908,0.0619
"TCF7",14.9568,15.9994,0.2688,14.5097,1.9678,10.614,0.3176,0.2661,0.3235,0.7514,7.4315,6.8603,0.1991,13.6385,1.8477,6.6132,0.2201,15.1963,8.5572,5.8162,6.7028,3.3978,4.1728,0.8756,1.2732,0.5516,1.2915,0.5101,1.0213
"LAG3",0.0039,0.005,0.0014,0.0034,0.0851,0.0693,5e-04,5e-04,0.0012,0.2022,0.0111,0.0208,8e-04,0.0112,0.2405,0.0308,0.0041,0.0067,0.0675,0.0087,0.0018,0.148,0.0243,0.0055,0.0475,0.0061,0.0925,0,0.004
"CD200",0.0399,0.0503,0.9531,0.0146,0.0062,0.1988,0.436,0.7123,1.2953,0.0102,0.3819,0.191,0.006,0.0853,0.0047,0.1659,0.0187,0.0421,0.0386,0.1485,0.0132,0.0186,0.2239,0.0201,0.3308,0.5243,0,0.3163,0.2563
"LGALS1",0.0036,0.0031,0.0091,0.0055,0.0503,0.0049,0.0153,0.0112,0.0251,0.0251,0.0067,0.0047,0.2859,0.008,0.038,0.0991,0.1474,0.002,0.0237,0.0391,0.0347,0.0184,0.1128,0.2018,0.0244,0.1396,0.1349,0.067,0.0924
"XBP1",0.1636,0.1903,0.0645,0.1563,0.245,0.168,0.0734,0.0682,0.2476,0.1219,0.1487,0.2055,0.1872,0.1923,0.1577,0.3162,0.7237,0.1686,0.2056,0.3781,0.4041,0.4051,0.2508,0.3333,0.1687,0.3731,0.6086,0.1005,3.3328
"IL2RB",0.126,0.0747,0.0121,0.3509,2.7661,0.4053,0.0173,0.0118,0.031,1.2832,0.185,1.146,0.0144,0.8149,1.8653,0.2521,0.0196,0.244,1.1003,0.5483,5.074,1.5631,0.2275,0.0644,1.0333,0.0302,1.8175,0.0154,0.1457
"HIF1A",4.499,3.7343,4.1916,3.3339,3.5647,4.1796,3.727,3.5313,3.2478,2.2803,3.8684,4.2056,2.7451,2.5147,2.4743,4.5482,2.9642,3.8059,3.3442,3.4759,6.5794,3.4366,2.9557,1.8816,3.4043,2.6297,4.9571,4.6654,2.1805
"CD40",0.0127,0.0109,1.8413,0.0098,0.0187,0.0111,1.5796,1.2759,2.1219,0.0128,0.8477,0.0132,0.1524,0.014,0.0153,0.1474,0.3357,0.0111,0.0191,0.0225,0.0111,0.017,0.5139,0.2392,0.9698,1.4774,0.0519,2.0187,0.4225
"CD40LG",0.2618,0.547,0.0044,0.0129,0.0049,0.3599,0.0034,0.003,0.0081,0.0299,0.1302,0.0797,0.0054,0.0355,0.0058,0.2505,0.0047,0.1764,0.1572,0.598,0.0474,0.1461,0.0866,0.0155,0.0107,0.0352,0.0046,0.0048,0.0245
"EBI3",0.0015,0.0021,0.0399,0.0012,0.005,0.0033,0.1355,0.0321,0.3828,4e-04,0.0491,0.003,0.0252,0.0021,0.0011,0.0414,1.3646,0.0013,0.0026,0.0023,0.0209,0.0054,0.2607,0.024,0.0491,2.4878,0.0056,0.0951,0.0941
"CD79A",0.0138,0.0188,2.155,0.0383,0.0102,0.0179,1.9877,2.2658,1.4869,0.018,0.8532,0.0164,0.0121,0.034,0.0149,0.1719,0.0131,0.0228,0.0258,0.0774,0.0096,0.0162,0.4352,0.0275,0.9712,0.0222,0.0315,1.4972,0.8149
"NKG7",0.0036,0.0029,0.0027,0.0053,0.8252,0.0046,0.0037,0.0022,0.0041,0.7466,0.0178,0.0044,0.01,0.0498,0.7224,0.0324,0.0086,0.005,0.2609,0.0157,0.6201,0.3438,0.0527,0.1425,0.2682,0.0265,1.0236,0.0243,0.0407
"GATA3",0.4142,0.3876,0.0178,0.2712,1.102,0.8258,0.0225,0.0204,0.0281,0.7166,0.2782,0.5773,0.0351,0.664,0.8068,0.6307,0.0207,0.3353,0.6076,2.4603,1.1403,1.0702,0.2425,0.0861,0.3988,0.0732,0.868,0.0821,0.0884
"C1QBP",0.3177,0.2506,0.1196,0.2416,0.0958,0.2222,0.1235,0.1499,0.4802,0.0812,0.1961,0.2092,0.0508,0.1589,0.0838,0.2595,0.0579,0.2421,0.1563,0.2216,0.22,0.1319,0.1319,0.298,0.1697,0.1751,0.1902,0.194,0.2905
"CCL2",0.0063,0.0055,0.0058,0.0051,0.0059,0.0049,0.0069,0.007,0.0065,0.0065,0.0075,0.0056,5.082,0.0042,0.006,0.0954,0.9624,0.0069,0.0097,0.0059,0.0029,0.0077,1.8548,0.0074,0.0116,0.1477,0,0.031,0.0221
"ZBTB16",0.0325,0.0244,0.1082,0.0168,2.8712,0.1571,0.0853,0.1745,0.0356,0.0511,0.1788,0.0396,0.0224,0.204,0.2334,0.208,0.0175,0.0671,0.6877,7.5496,1.0478,6.8498,0.2089,0.0923,0.6984,0.7931,2.4661,0.1522,0.144
"IFNG",0.0013,0.0019,0.0011,0.0012,0.0553,0.0036,7e-04,0.001,0.0128,0.0612,0.0055,0.0012,6e-04,0.0138,0.0251,0.0101,0.0137,6e-04,0.0368,0.0026,0.7107,0.5141,0.0047,0,0.0214,0.047,2.0591,0.0074,0.0199
"KLRB1",0.0102,0.0106,0.0068,0.0135,1.0644,0.0782,0.0061,0.0093,0.0074,0.1733,0.0387,0.0113,0.0061,0.0415,0.174,0.0359,0.0095,0.0237,0.2228,0.9638,0.3577,1.5646,0.0551,0.0244,0.2401,0.0154,0.4586,0.0118,0.0254
"IL17A",1e-04,1e-04,0,0,0,1e-04,2e-04,0,0,1e-04,0,0,0,0,0,0,0,0,0,5e-04,8e-04,0,0,0,0,0,0,0,0
"CCND3",9.6068,11.2025,5.6133,9.0583,3.5841,8.5695,4.7357,4.3585,2.4301,3.3343,7.2177,6.8451,0.2645,7.2376,3.432,4.9303,0.2065,9.991,6.9794,5.1635,3.3793,2.7861,4.1189,1.1901,3.8836,0.822,3.6039,3.7623,2.1024
"GZMK",0.0162,0.0241,7e-04,0.0755,0.0249,0.0258,6e-04,0.0015,0.0014,0.0515,0.0149,0.0117,0.003,0.1428,0.0234,0.0457,0.0023,0.0574,0.0416,0.0177,0.2098,0.3755,0.0113,0.0027,0.0211,7e-04,0,0,0.0053
"BCL6",0.7886,0.7126,1.4131,0.5158,0.5838,0.8807,1.5121,1.3942,0.8853,0.2834,0.9339,1.3331,2.0222,0.8326,0.3397,1.3175,4.006,0.6822,0.6501,0.6764,1.4613,0.5751,1.5537,0.5778,0.9708,0.6409,0.6375,1.1111,0.3808
"IGFBP2",0.0052,0.009,0.0012,0.0161,0.0013,0.0022,3e-04,4e-04,0.0012,0.0013,0.0048,0.0036,0.0011,0.0084,6e-04,0.0019,2e-04,0.012,0.0037,0.0021,0.002,8e-04,0.0129,2e-04,4e-04,0.0015,0,0,0
"GNLY",0.027,0.0274,0.0254,0.026,10.7709,0.0444,0.0254,0.0285,0.0305,3.2978,0.2103,0.0412,0.0372,1.0602,8.48,0.2231,0.0384,0.0303,2.8144,0.083,24.3986,1.3895,0.5655,0.1592,3.0277,0.0805,6.8613,0.0935,0.0973
"IL18RAP",0.0058,0.0062,0.0046,0.0074,1.5001,0.0567,0.0074,0.0108,0.0111,0.163,0.038,0.0227,0.0071,0.0248,0.3156,0.0628,0.007,0.0095,0.3891,0.4193,2.071,4.0583,0.0638,0.381,0.4012,0.1394,0.6991,0,0.1188
"CR2",0.1214,0.1192,0.1419,0.2568,0.004,0.0583,0.2743,0.0771,0.2404,0.0045,0.1384,0.0195,0.005,0.2692,0.0034,0.0838,0.006,0.1852,0.0829,0.1533,0.0052,0.008,0.0626,0.0122,0.0748,0.0042,0.0133,0.2753,0.0555
"FASLG",0.004,0.0031,0.0024,0.0027,1.1452,0.0113,0.0019,0.0034,0.0041,0.8027,0.0268,0.007,0.0028,0.0136,0.7638,0.0306,0.0053,0.0032,0.3881,0.3417,0.6431,0.8715,0.0558,0.0097,0.4516,0.0067,0.4864,0.0366,0.0196
"NR4A1",0.0184,0.0193,0.1598,0.0153,0.0254,0.0178,0.1022,0.3917,1.2413,0.021,0.2044,0.0207,0.0883,0.0407,0.02,1.1069,0.6787,0.022,0.0527,0.0471,0.053,0.209,0.1928,0.0491,0.1972,0.1722,1.0148,0.9402,0.0881
"BATF3",0.0285,0.0078,0.0136,0.0187,0.0031,0.012,0.0202,0.0129,0.0444,0.0029,0.016,0.0153,0.0209,0.0097,0.0021,0.025,0.0929,0.016,0.0079,0.0201,0.0654,0.0077,0.0296,0.0164,0.0143,0.034,0.0127,0.0237,0.0186
"IL1B",0.0662,0.0645,0.0601,0.0639,0.0536,0.0666,0.0596,0.0613,0.0706,0.0642,0.0795,0.0786,7.9822,0.0503,0.0497,1.2517,80.1539,0.0662,0.0794,0.0605,0.0347,0.0611,12.7621,0.1052,0.0782,7.4973,0.1117,0.1625,0.3357
"CD70",0.0063,0.0043,0.0088,0.0061,0.0172,0.0098,0.0425,0.043,0.1114,0.1236,0.0235,0.0065,0.0018,0.0051,0.0385,0.019,0.0056,0.0056,0.0328,0.0084,0.1609,0.0162,0.0197,0.0122,0.0567,0.0396,0.0726,0.1212,0.0687
"JCHAIN",0.0082,0.0096,0.1606,0.0093,0.0091,0.0099,0.2054,0.1313,0.0902,0.0115,0.0816,0.0077,0.0068,0.0083,0.0141,0.092,0.0092,0.006,0.0064,0.0048,0.0326,0.0096,0.0471,1.7852,0.1356,0.0335,0.009,0.122,13.8721
"LDHA",0.7452,0.5625,0.2812,0.5982,0.924,0.7123,0.3778,0.4057,0.9714,0.9972,0.5434,0.6037,0.4476,0.5503,1.0381,0.7656,0.2653,0.6464,0.7138,0.6994,0.9626,1.109,0.5,0.8055,0.6716,0.8322,0.8813,0.4032,0.6363
"IL2RA",0.0281,0.0243,0.4366,0.0202,0.1401,0.2081,0.4461,0.5641,1.3687,0.0132,0.4542,7.7465,0.0781,0.0697,0.0214,0.3495,2.9113,0.0475,0.1999,2.1477,2.7459,0.2488,0.6684,2.4037,0.3234,6.598,0.2468,0.3945,1.2698
"KLRD1",0.0497,0.0633,0.0497,0.1117,8.3881,0.1133,0.0383,0.1181,0.0501,5.1487,0.2363,0.1546,0.1399,1.3568,6.0518,0.2812,0.0741,0.112,2.9845,0.3505,8.6703,3.0422,0.5839,0.1612,3.2179,0.1338,3.2066,0.047,0.1224
"KLRC1",0.0104,0.0139,0.0077,0.0539,1.9451,0.0093,0.0064,0.0104,0.0071,0.3146,0.0453,0.0117,0.0054,0.1303,0.6763,0.0409,0.007,0.0415,0.4895,0.019,4.4995,0.6133,0.112,0.0175,0.558,0.009,0.6517,0.0102,0.0152
"HAVCR2",0.1742,0.1621,0.1445,0.2144,2.0221,0.1892,0.1537,0.1823,0.1537,0.8977,0.2127,0.2022,2.0658,0.2947,1.2423,0.3605,1.365,0.1737,0.6692,0.144,2.1548,0.3262,0.9638,0.3248,0.607,0.3345,1.2548,0.0896,0.2546
"CD36",0.0135,0.0104,0.0124,0.0112,0.0112,0.0117,0.0106,0.0126,0.0129,0.0091,0.0169,0.0119,1.937,0.0094,0.0151,0.1592,0.1463,0.0159,0.0131,0.0111,0.0126,0.0179,0.7502,2.7466,0.0291,0.3617,0.0054,0.0283,0.4386
"IL10",0.0021,0.0021,0.003,0.0041,0.0059,0.0072,0.0037,0.0111,0.0314,0.007,0.0048,0.0025,0.0379,0.0148,0.0098,0.0106,0.249,0.0033,0.0053,0.001,4e-04,0.0028,0.0433,0,0.006,0.0672,0.0388,0.0299,0
"IRF4",0.3216,0.1323,0.8369,0.4762,0.7286,0.3434,0.9886,1.4373,6.0963,0.5258,1.0286,0.6944,0.0778,0.1857,0.5368,0.931,0.0816,0.2472,0.43,0.5097,0.6071,1.1738,0.5975,4.0428,1.3058,0.9364,0.8313,0.8635,7.3958
"IL18BP",0.1784,0.1759,0.2153,0.1713,0.1764,0.1587,0.2742,0.2542,0.3472,0.2099,0.2071,0.186,0.5077,0.1912,0.1805,0.1401,0.1266,0.1689,0.19,0.147,0.1465,0.2217,0.3222,0.4021,0.236,0.2134,0.1673,0.3276,0.2527
"ENTPD1",0.0185,0.0206,0.3892,0.0205,1.0154,0.1482,1.1362,0.1468,0.624,0.3867,0.2882,0.5334,0.2654,0.0855,0.556,0.1943,0.0632,0.0208,0.2791,0.0357,3.1514,0.1381,0.3171,1.604,0.5815,1.6629,0.0917,0.7815,2.8721
"IL21",3e-04,5e-04,4e-04,2e-04,0,0.0067,5e-04,5e-04,3e-04,3e-04,0.001,5e-04,0.0022,3e-04,0,0.0042,0,5e-04,3e-04,0,0,4e-04,0.0011,0,0.001,0.0136,0.0032,0,0
"CD27",0.4757,0.537,0.0135,0.6109,0.0115,0.4147,0.0751,0.0112,0.0198,0.1424,0.2693,0.411,0.0053,0.5346,0.0729,0.2009,0.0071,0.5597,0.3147,0.1963,0.0391,0.2052,0.154,0.0394,0.0669,0.0192,0.0569,0.066,0.468
"ITGAX",0.017,0.0168,0.0189,0.0209,0.162,0.0143,0.2623,0.0302,0.2863,0.0299,0.088,0.0192,14.9601,0.0522,0.0744,0.3772,11.6918,0.0159,0.1344,0.0157,2.1629,0.0188,6.6256,0.0579,0.1779,0.886,1.1358,0.2745,0.1461
"IRF8",0.0266,0.0223,2.3575,0.0247,0.1005,0.0366,1.9286,1.6268,2.1145,0.0158,0.945,0.031,0.2888,0.0437,0.0309,0.3378,1.368,0.0198,0.0539,0.0384,0.3522,0.1148,0.7258,4.6629,1.1132,0.6353,1.4497,2.6252,1.1556
"IGFBP4",0.0079,0.0066,0.3942,0.0056,0.0142,0.1668,0.1704,0.4333,0.4128,0.0062,0.2017,0.0223,0.0024,0.036,0.0086,0.0641,0.0055,0.0143,0.0247,0.0223,0.2749,0.0426,0.0961,0.01,0.2505,0.0364,0.0094,0.2128,0.0952
"XCL1",4e-04,3e-04,3e-04,3e-04,0.028,3e-04,2e-04,2e-04,3e-04,0.0014,6e-04,5e-04,3e-04,0.0314,0.0105,0.0017,4e-04,0.0015,0.0173,0.0061,0.3047,0.0316,0.0011,0,0.0059,0.0072,0.0878,0,0.0077
"XCL2",2e-04,1e-04,0,1e-04,0.0217,3e-04,0,2e-04,8e-04,0.0019,6e-04,0,0,0.016,0.0182,0.0044,4e-04,3e-04,0.0075,0.0048,0.1308,0.0224,0.0022,0,0.0095,0,0.1404,0,0.001
"FCRL5",0.0064,0.0057,0.3841,0.0058,0.0055,0.0045,0.5715,0.8005,2.2818,0.0072,0.3002,0.0057,0.0042,0.0062,0.0031,0.0724,0.0064,0.0033,0.0058,0.0063,0.0117,0.0141,0.2256,0.0063,0.3023,0.0081,0.0216,1.45,1.4135
"RORC",0.0019,0.0018,0.0015,0.0033,0.0014,0.0363,0.003,0.0015,0.0025,0.0041,0.0069,0.0109,0.0014,0.0041,0.0034,0.0127,0.005,0.0031,0.0197,0.3732,0.0778,0.497,0.0102,0.0013,0.0087,0.0057,0,0,0.0431
"MKI67",0.0095,0.0176,0.0073,0.0124,0.1774,0.1844,0.0153,0.016,0.0303,1.2287,0.1059,0.0958,0.0164,0.0461,0.2108,0.2599,0.0149,0.0136,0.4848,0.0533,0.2081,0.0551,0.0848,0.0529,0.4152,0.0362,0.2739,0.0266,2.0373
"SERPING1",0.002,0.0018,0.0024,0.0024,0.0028,0.0033,0.0023,0.0036,0.0023,0.0016,0.0035,0.0023,0.0512,0.0017,0.0021,0.0053,0.0362,0.0014,0.0012,0.0081,0.0031,0.0021,0.0187,0.1248,0,0.0634,0.0047,0.0048,0.0289
"NCAM1",0.0163,0.015,0.0136,0.0139,1.2999,0.0137,0.0143,0.0169,0.0164,0.0279,0.0599,0.0186,0.2,0.0356,0.1095,0.0979,0.2497,0.0159,0.4495,0.029,11.3019,0.1001,0.1846,0.047,0.5488,0.0965,2.4663,0.086,0.0393
"CD8A",0.0162,0.0293,0.0074,1.5255,0.3626,0.0411,0.0081,0.0098,0.0121,3.7073,0.1903,0.0757,0.0116,0.4404,1.6599,0.1875,0.0171,0.6372,1.0478,0.1092,0.0586,0.7981,0.1967,0.0629,0.823,0.0293,0.5591,0.0392,0.0846
"BATF",0.4324,0.2023,0.0441,0.1524,0.2784,0.5143,0.1146,0.0285,0.2474,0.5853,0.2086,1.1282,0.1084,0.1057,0.3756,0.6346,0.5605,0.2184,0.339,0.6754,0.5394,0.6207,0.2193,0.0565,0.2121,0.3724,0.6217,0.069,0.1582
"MS4A1",0.0418,0.0394,7.2778,0.0463,0.0385,0.0394,7.2928,6.5172,5.3837,0.047,3.2593,0.0489,0.0418,0.034,0.0416,0.5907,0.0351,0.0407,0.0812,0.0795,0.0297,0.0453,1.5595,0.0392,3.2305,0.0584,0.1857,9.2465,1.4032
"CD1C",3e-04,2e-04,0.0149,6e-04,3e-04,3e-04,0.0703,0.021,0.0279,0,0.0173,3e-04,0.0029,2e-04,0,9e-04,0.0021,0.0018,1e-04,0,9e-04,0,0.0169,0,0.0167,0.008,0,0.0827,0.0233
"CXCR5",0.0265,0.0318,0.8045,0.018,0.0122,0.0846,0.7557,0.5408,1.1783,0.019,0.4018,0.0297,0.0139,0.0346,0.0119,0.1272,0.0093,0.0295,0.03,0.0193,0.0129,0.0129,0.1995,0.0153,0.354,0.0224,0.0361,0.8105,0.1693
"CTLA4",0.0337,0.048,0.0023,0.0262,0.0062,0.4138,0.0051,0.003,0.007,0.0679,0.0956,2.0426,0.0033,0.0741,0.0227,0.1132,0.0044,0.0596,0.1151,0.0321,0.0083,0.0619,0.0423,0.0122,0.028,0.0084,0.024,0,0.0153
"ICOS",3.3447,2.8136,0.0342,1.3417,0.068,3.9819,0.0369,0.0383,0.0384,0.4801,1.4635,2.7757,0.037,0.6991,0.0735,2.7483,0.0442,2.4473,1.7045,2.5017,0.1718,0.6247,0.7598,0.179,0.1474,0.1017,0.3032,0.1002,0.2406
"PPBP",0.0058,0.0071,0.0071,0.0051,0.0036,0.0044,0.0034,0.0046,0.0043,0.0079,0.0068,0.0056,0.0164,0.005,0.0035,0.0331,0.0151,0.0053,0.0052,0.0078,0.0057,0.0097,0.0143,0.0041,0.0054,0.0174,0,0,0.0178
"PF4",0.0034,0.005,0.0057,0.0032,0.0055,0.0026,0.0024,0.0065,0.0022,0.0028,0.0035,0.0039,0.0089,0.0035,6e-04,0.0262,0.0069,0.0016,0.003,0.005,9e-04,0.0025,0.0077,0.001,0.0021,0.0033,0.0146,0,0.0039
"FABP5",0.0081,0.0064,0.02,0.0165,0.009,0.0116,0.0553,0.1048,0.452,0.0211,0.0565,0.0081,0.2948,0.0171,0.013,0.1167,0.0812,0.011,0.0106,0.0043,0.0373,0.0186,0.227,0.1068,0.077,0.4884,0.0475,0.0605,0.0827
"CD3D",0.868,0.9817,0.0143,1.284,0.1347,0.799,0.0131,0.0178,0.0198,1.8098,0.5043,0.6532,0.0184,1.1545,1.4091,0.5654,0.0131,1.0277,0.9235,0.7079,0.0192,1.1102,0.3678,0.0902,0.4385,0.0347,0.311,0.0985,0.0857
"CXCL8",0.1539,0.1408,0.1353,0.1432,0.14,0.1381,0.1339,0.1409,0.1758,0.1422,0.1895,0.1677,31.4355,0.1231,0.1166,2.2603,146.3461,0.1575,0.1729,0.218,0.2484,0.1407,24.9482,0.7322,0.1437,32.7229,0.3913,0.6643,0.8539
"ZEB2",0.15,0.1527,8.9245,0.1758,24.8655,0.5671,9.7433,11.0447,8.0922,29.2953,4.7298,0.2109,37.674,2.424,29.2303,2.9402,13.7116,0.1864,10.7907,1.0979,6.4712,10.0372,15.7731,9.3337,15.7531,15.7025,18.4963,6.5351,6.1871
"GP9",5e-04,1e-04,2e-04,2e-04,6e-04,3e-04,0,4e-04,2e-04,0.001,2e-04,2e-04,4e-04,0,7e-04,0.0016,0,2e-04,0,7e-04,0.0016,0,0.0036,0,8e-04,2e-04,0,0,0.0019
"CD14",0.0017,0.0017,0.002,0.0015,0.0022,0.0018,0.0022,0.0026,0.0024,0.0011,0.0056,0.0012,1.4336,0.0029,5e-04,0.0492,0.2495,0.0033,0.0026,0.0024,8e-04,0,0.4256,0.0019,0.0014,0.0054,0.0099,0.0048,0
"MAL",0.9848,1.2879,0.013,0.4791,0.0118,0.5766,0.0107,0.0128,0.0137,0.0169,0.4626,0.7297,0.0142,0.7176,0.0102,0.5646,0.0223,0.8276,0.53,0.2293,0.0395,0.0115,0.313,0.0654,0.0311,0.0407,0.0397,0.0371,0.0754
"CD8B",0.0206,0.0747,0.0098,2.1311,0.0438,0.041,0.0103,0.0075,0.0113,1.7368,0.2192,0.177,0.0103,0.2718,0.5038,0.1532,0.0144,0.905,0.5874,0.093,0.0116,0.1254,0.1408,0.0492,0.3388,0.0203,0.0955,0.0212,0.0319
"CTSW",0.008,0.0081,0.0073,0.0371,0.4053,0.0111,0.0084,0.0025,0.0059,0.1193,0.0133,0.0076,0.0068,0.0598,0.2435,0.0229,0.0031,0.0155,0.1258,0.0378,1.5474,0.0754,0.0281,0.0135,0.1455,0.0563,0.8138,0.0196,0.0153
"CD7",0.5281,0.3935,0.0069,0.5368,0.5817,0.5267,0.0076,0.0092,0.0078,0.244,0.2415,0.4717,0.0068,0.6342,0.4299,0.2959,0.0087,0.484,0.4014,0.8369,0.8553,0.574,0.1478,0.063,0.2166,0.0373,0.8076,0.0216,0.0337
"CD19",0.0058,0.0048,1.1794,0.0076,0.0071,0.0046,1.2154,0.7839,0.5385,0.0074,0.561,0.0029,0.004,0.0042,0.0062,0.0824,0.0069,0.005,0.0131,0.0056,0.0065,0.0063,0.2461,0.0088,0.6583,0.0172,0.0106,0.7879,0.2932
"MAF",0.0427,0.0207,0.0029,0.0171,0.2671,0.7179,0.0047,0.0068,0.0097,0.3238,0.0716,0.2353,0.0517,0.015,0.1328,0.0908,0.0178,0.0432,0.187,1.2586,0.072,0.749,0.0952,0.0176,0.1277,0.0382,0.4203,0.01,0.0222
"PRF1",0.0079,0.0111,0.0055,0.032,1.9701,0.0174,0.0054,0.0053,0.0079,1.7807,0.0483,0.0471,0.0064,0.031,1.7805,0.0727,0.0089,0.0145,0.7661,0.0287,1.1385,1.3105,0.1551,0.0268,0.805,0.0145,1.9879,0.0094,0.0254
"TIGIT",0.0127,0.0096,0.0142,0.0199,1.4965,0.2751,0.0224,0.0185,0.019,0.6826,0.0923,1.5501,0.0083,0.4831,1.7738,0.0695,0.0073,0.0361,0.5618,0.031,0.6605,0.258,0.1031,0.0595,0.4949,0.0155,0.2948,0.0085,0.031
"ASCL2",1e-04,2e-04,0.0011,3e-04,0.0096,0,0.0024,5e-04,0.0016,0.0065,0.0011,0,0.0126,7e-04,0.0078,0,0.013,0,0.0023,2e-04,8e-04,0.0044,0.0096,0,0.0056,9e-04,0.0559,0,0
"SH2D1A",0.5269,0.7141,0.008,0.5051,0.5286,0.413,0.0101,0.0086,0.0104,0.5746,0.2815,0.4829,0.0119,0.8699,0.511,0.4,0.0096,0.5511,0.4973,0.2904,0.653,0.7526,0.1693,0.0401,0.225,0.0186,0.2912,0.049,0.0383
"NELL2",14.7192,4.7641,0.1964,37.2791,0.4325,6.3127,0.195,0.1867,0.2012,0.7671,6.8571,1.6154,0.2341,9.9496,0.9851,6.6357,0.2805,23.144,9.1431,7.0855,1.9717,1.496,3.6057,0.8787,0.6596,0.354,0.4473,0.4216,0.7337
"TNFAIP2",0.0083,0.0069,0.0073,0.008,0.0103,0.0052,0.0105,0.0107,0.0091,0.011,0.0168,0.0104,3.1801,0.0055,0.0056,0.3768,6.4057,0.0052,0.0161,0.0231,0.0075,0.009,1.9547,0.4434,0.0138,5.6044,0.084,0.0097,0.3895
"GP1BA",0.0023,0.0015,0.0013,0.0025,0.0013,0.0021,7e-04,8e-04,0.0011,7e-04,9e-04,0.0012,0.0012,0.001,7e-04,0.0079,0.0045,0.0021,0.0013,0.002,9e-04,0.0017,0.0039,0.0038,0.0026,0.0273,0,0,0.0077
"CXCR3",0.0017,0.0011,0.0022,0.0547,0.1466,0.0142,0.0156,0.0029,0.0048,0.14,0.0178,0.0062,7e-04,0.2468,0.1757,0.0142,0.0014,0.0339,0.0799,0.0111,0.3062,0.164,0.0209,0.0744,0.0798,0.0117,0.0467,0.0267,0.0481
"TNFRSF4",0.0069,0.0027,0.002,0.0017,0.0274,0.0536,0.0052,0.0062,0.0641,0.001,0.0159,0.0478,0.1154,0.0117,0.0078,0.0183,0.3967,0.0032,0.0134,0.1239,0.1594,0.012,0.1133,0.5863,0.0196,1.1605,0.0191,0,0.1773
"TNFRSF18",0.0016,0.0012,0.0337,0.0014,0.1128,0.0186,0.0569,0.0885,0.3828,0.004,0.0584,0.0221,0.0604,0.0297,0.0272,0.026,0.1107,0.0017,0.0335,0.1668,0.6567,0.0332,0.0691,0.095,0.0788,0.3564,0.0553,0.0135,0.0723
"PDCD1",0.0032,0.002,8e-04,0.0014,0.0049,0.0386,0.0047,0.0076,0.0755,0.0619,0.0136,0.0098,0.0064,0.0536,0.0699,0.0273,0.0171,0.0026,0.02,0.047,0.0011,0.0269,0.0248,0.0095,0.0286,0.0064,0.0543,0.0019,0.0056
"SELL",6.7115,7.2466,2.2781,5.2419,0.2062,6.0655,1.6907,0.7463,0.4532,0.2145,3.6163,6.3527,0.0952,2.1513,0.2439,2.6845,0.0978,6.465,3.7261,2.1432,3.0182,0.4221,2.0395,1.8852,1.1051,0.6849,0.2803,1.0538,1.0511
"HLA-DRB1",0.0115,0.0109,1.1451,0.0139,0.128,0.0167,1.2868,0.9406,1.6222,0.2859,0.591,0.0165,0.7891,0.0225,0.1903,0.2114,0.2813,0.0103,0.0943,0.0174,0.1138,0.043,0.6278,4.0687,0.7402,3.2911,0.2303,2.7814,1.1997
"TCF4",0.9015,1.4103,19.7358,0.6906,0.6927,0.519,13.3516,17.8963,8.3927,0.4721,7.5589,1.5201,0.3602,0.4405,0.2476,2.0261,0.3497,0.9092,0.867,0.4636,1.6439,0.3505,3.861,48.2308,8.5847,6.4286,0.4658,9.1243,16.3462
"SERPINA1",0.0027,0.0016,0.002,0.0036,0.0017,0.0021,0.0017,8e-04,0.0016,0.0034,0.0017,0.005,0.9267,0.002,0.0019,0.0612,1.9617,6e-04,8e-04,0.0039,0.0028,0,0.5118,4e-04,0.005,0.1447,0.0303,0,0.0184
"CLEC9A",0.0037,0.0036,0.0054,0.0049,0.0027,0.0028,0.0023,0.0019,0.003,0.003,0.0019,0.0029,0.0049,0.0048,8e-04,0.0258,0.0028,0.0035,0.0037,0.0017,0.0034,0.0038,0.005,0.0043,0.001,0.0048,0.0043,0,0.0156
"MT-ND5",6.1733,5.2374,6.481,6.7101,5.0253,5.4642,6.521,6.2567,7.4495,4.7634,6.0285,5.4318,6.0337,5.6967,4.9261,6.2566,4.8658,5.9094,5.3732,6.1909,6.2047,5.2487,5.7039,5.7972,6.413,7.0099,6.2,9.4838,7.753
"TOX",2.2039,6.0272,0.0816,3.6435,9.0316,4.1924,0.258,0.1065,0.6448,8.6981,2.4186,10.8469,0.1184,10.1144,8.2246,3.2193,0.1262,4.2835,5.7603,2.6447,2.7361,3.8018,1.6952,0.706,3.7995,1.5529,5.8939,0.2148,1.8221
"CD3E",1.3639,1.7056,0.0204,1.594,0.3034,1.3358,0.0188,0.0203,0.0175,1.5471,0.7254,1.2868,0.0254,1.4965,1.3396,0.7563,0.0293,1.6486,1.1789,0.9965,0.2112,1.424,0.482,0.1013,0.4333,0.0611,0.4497,0.0871,0.0772
"MT-ND1",0.7982,0.6903,0.8998,0.8386,0.5499,0.6971,0.9878,0.9596,1.0958,0.5399,0.898,0.8132,1.7316,0.6601,0.5113,1.242,1.6576,0.7353,0.6856,0.6959,0.9216,0.6777,1.3246,0.8572,0.731,1.1554,0.8206,1.5281,1.2346
"FCGR3A",0.0038,0.0038,0.0028,0.003,0.7156,0.0042,0.0042,0.0021,0.002,0.2798,0.0165,0.0038,1.1297,0.0052,0.5112,0.0489,0.1189,0.0028,0.1971,0.0035,0.0965,0.0411,0.3314,0.006,0.2424,0.0035,1.189,0,0.0032
"HLA-DRA",0.0151,0.0148,1.2273,0.0159,0.0598,0.0142,1.3863,1.1653,1.9135,0.0939,0.5524,0.0186,1.5128,0.0137,0.0708,0.2937,0.907,0.0185,0.0707,0.0263,0.102,0.0247,0.9342,5.2797,0.7235,5.0335,0.0835,2.402,1.5227
"TRGC1",0.0069,0.0057,2e-04,0.0184,0.139,0.0107,7e-04,0.0014,8e-04,0.0893,0.0101,0.0029,0.0029,0.0852,0.2328,0.0034,0.0037,0.0188,0.0833,0.0826,0.1998,0.3362,0.014,0.0034,0.0812,0.008,0.109,0,0.0028
"TRGV9",4e-04,3e-04,3e-04,0.0027,0.0888,0.0027,6e-04,7e-04,6e-04,0.0567,0.003,0.0023,5e-04,0.0486,0.1082,0.0016,0.0012,0.0032,0.0452,0.0231,0.0899,0.2605,0.0051,0.0027,0.0355,0.0015,0.0404,0,0.0388
"TRBC1",1.3613,1.4553,0.0444,1.7212,0.8786,1.2495,0.0427,0.0441,0.0424,1.6578,0.7104,1.287,0.0596,1.5422,1.3188,1.0497,0.0326,1.3888,1.2083,1.2273,0.4219,1.1887,0.4641,0.1427,0.633,0.0817,0.731,0.0978,0.1235
"TRDV1",0.0078,0.0063,0.002,0.0107,0.0029,0.0062,6e-04,0.0023,0.0023,0.0173,0.0077,0.0095,3e-04,0.2367,0.1111,0.0165,0.0024,0.0223,0.0187,0.0158,0.0017,0.0076,0.0102,0.0036,0.019,0.0017,0.0074,0,0
"TRDV2",0.0014,0.002,0.0013,0.0016,0.0028,0.0022,0.0014,0.0012,0.0011,0.0066,0.0027,0.0012,0.0025,0.0251,0.0295,0.0021,0.0015,0.0056,0.0111,0.0163,0.0011,0.1892,0.0088,0,0.0126,0,0.0069,0,0
"TRDC",0.0176,0.0262,0.0037,0.0271,0.8556,0.0248,0.0025,0.0025,0.0038,0.0558,0.049,0.0225,0.0051,2.195,1.2761,0.0355,0.0052,0.1223,0.2758,0.2363,1.1234,1.0242,0.0857,0.0157,0.3525,0.0074,0.374,0,0.0064
"IGHA2",0.0011,0.0015,0.0749,8e-04,0.001,0.0019,0.1645,0.0441,0.0277,0.0025,0.0457,5e-04,0.001,0.0015,5e-04,0.0309,9e-04,5e-04,0.0024,0.0019,0.0011,0.0047,0.0223,0.0328,0.0578,0.0022,0,0.0385,7.4614
"IGHG4",7e-04,5e-04,0.0039,0.0013,1e-04,5e-04,0.0181,0.0025,0.0161,3e-04,0.0169,4e-04,2e-04,2e-04,0,0.0357,1e-04,0.0014,8e-04,0.0011,0,0,0.0052,0.0025,0.0023,0,0,0,8.0263
"IGHG2",0.0011,9e-04,0.0208,0.0011,8e-04,6e-04,0.1585,0.0109,0.0491,0.0013,0.0341,1e-04,0,0.0021,0.001,0.0516,2e-04,0,8e-04,0.0013,5e-04,9e-04,0.0203,5e-04,0.0536,5e-04,0.227,0.134,9.1678
"IGHA1",0.0052,0.0033,0.2895,0.0038,0.0036,0.0037,0.4627,0.1022,0.0804,0.0054,0.1467,0.0028,0.0026,0.0032,0.0027,0.346,0.0212,0.0015,0.0082,0.0022,0.0118,0.0029,0.0673,0.0189,0.5411,0.0076,0.0226,0.3741,28.983
"IGHG1",0.0039,0.0038,0.0221,0.0057,0.0046,0.0048,0.267,0.0496,0.1607,0.0031,0.1503,0.0024,0.0064,0.0045,0.0058,0.1716,0.0068,0.0077,0.0077,0.0116,0.002,0.0022,0.1277,0.0033,0.0685,0.0065,0,0.2158,50.9504
"IGHG3",0.0011,0.0012,0.1188,0.0011,3e-04,0.0013,0.2233,0.0215,0.131,0.0023,0.0773,0.0028,3e-04,0.0012,8e-04,0.0763,5e-04,2e-04,0.0033,9e-04,0.0011,9e-04,0.0321,0.0021,0.0645,0.0023,0,0.0699,9.4892
"IGHM",0.0621,0.0568,15.0171,0.0648,0.0543,0.0632,13.2232,12.2677,6.9761,0.0863,5.8493,0.0803,0.0578,0.0609,0.0559,1.017,0.0851,0.0593,0.139,0.0885,0.2766,0.0649,2.8443,0.5604,6.1954,0.4702,0.2051,8.5427,25.2684
"IFI30",0.0237,0.0204,0.2838,0.0176,0.0206,0.0222,0.5246,0.3029,0.4191,0.0244,0.1952,0.0264,9.8778,0.0184,0.026,0.3469,1.8331,0.023,0.0284,0.0188,0.0217,0.0114,3.3596,0.3688,0.2477,2.3408,0.1215,0.6334,0.5177
"LTA",0.0432,0.0374,0.0162,0.0325,0.0099,0.0292,0.0194,0.0116,0.064,0.014,0.0317,0.0644,0.0038,0.019,0.0076,0.1251,0.0096,0.0367,0.0227,0.1004,0.1835,0.0343,0.0396,0.2771,0.0161,0.0143,0.0344,0.0172,0.0336
"TRGC2",0.0715,0.0576,0.0052,0.235,0.9014,0.1264,0.0065,0.0092,0.0105,2.3845,0.1343,0.0639,0.0242,2.095,4.0115,0.1351,0.0469,0.2567,0.9809,0.7165,0.915,2.0716,0.2115,0.0376,0.9746,0.0405,0.7992,0.0146,0.0301
"LTB",0.9409,1.1768,0.4383,0.7375,0.027,0.6751,0.3644,0.1872,0.0892,0.0328,0.6545,0.6349,0.0264,0.8969,0.024,1.1448,0.0355,0.8513,0.4572,1.161,0.2733,0.2382,0.527,6.3254,0.1722,0.5145,0.0874,0.5953,1.2847
"HLA-DPA1",0.0178,0.0203,0.601,0.0165,0.1621,0.0181,0.8433,0.5863,0.6827,0.3125,0.3125,0.0158,0.3389,0.0284,0.2747,0.081,0.0998,0.0159,0.0958,0.0101,0.1471,0.0646,0.3586,2.2089,0.4484,1.7933,0.1975,0.9205,0.6547
"TNF",0.0555,0.0379,0.0811,0.0283,0.034,0.0667,0.1031,0.062,0.2351,0.0511,0.1062,0.064,0.7851,0.0214,0.0354,0.5944,12.7594,0.0462,0.052,0.2635,0.1075,0.3693,1.8917,1.6556,0.1027,0.6202,0.8644,0.6145,0.2942
"MIR155HG",0.1052,0.0634,0.1222,0.0852,0.0591,0.088,0.2931,0.1935,6.3697,0.1166,0.6503,0.2319,0.3695,0.0836,0.0669,0.4275,25.5833,0.0832,0.0864,0.2645,0.7833,0.1942,3.162,4.983,0.5622,10.938,0.2153,0.4328,1.3899
"MALAT1",333.4503,327.5354,262.3056,345.0124,256.9949,344.5948,290.7358,329.2089,291.2189,309.5463,278.1702,363.0578,315.1067,317.6899,292.0394,403.4432,272.0163,315.8751,287.2139,298.4102,219.4211,276.3618,275.6635,341.1348,260.8411,356.7462,410.5672,377.3318,307.4606
"CCL5",0.0237,0.0201,0.0196,0.0805,6.3645,0.059,0.0247,0.0295,0.0258,7.8302,0.1641,0.0322,0.0377,0.6206,8.0929,0.3066,0.1679,0.0694,2.6361,0.0503,0.7176,3.4448,0.4596,0.1039,2.8441,0.1109,3.3139,0.1044,0.0878
"CCL4L2",0.0052,0.005,0.0061,0.0047,0.13,0.0041,0.0065,0.0077,0.3014,0.1096,0.0287,0.0053,0.4166,0.0099,0.1411,0.1067,7.0504,0.0037,0.0494,0.0128,0.026,0.4198,0.7923,0.0048,0.0619,0.1306,0.7903,0.0515,0.0025
"CCL3",0.0188,0.0189,0.0185,0.0171,0.1373,0.0177,0.016,0.0209,0.169,0.0344,0.0396,0.0247,1.4608,0.0104,0.0542,0.4153,22.0099,0.0199,0.0562,0.0262,0.0645,0.1959,2.798,0.0281,0.0843,0.5835,0.2741,0.089,0.0465
"TRAC",2.7368,3.2755,0.09,3.6528,0.1265,2.6429,0.0814,0.1168,0.1016,3.4266,1.4105,3.0485,0.0594,1.4287,1.1828,1.6321,0.0874,2.8926,2.0653,2.5243,0.0977,1.3667,0.845,0.218,0.702,0.1209,0.509,0.1925,0.2553
